{
  "id": "1866935",
  "name": "天气预报",
  "font_family": "iconfont",
  "css_prefix_text": "icon-",
  "description": "",
  "glyphs": [
    {
      "icon_id": "5128942",
      "name": "天气-暴雪",
      "font_class": "tianqi-baoxue",
      "unicode": "e674",
      "unicode_decimal": 58996
    },
    {
      "icon_id": "5128946",
      "name": "天气-大雪",
      "font_class": "tianqi-daxue",
      "unicode": "e675",
      "unicode_decimal": 58997
    },
    {
      "icon_id": "5128947",
      "name": "天气-大雪转暴雪",
      "font_class": "tianqi-daxuezhuanbaoxue",
      "unicode": "e676",
      "unicode_decimal": 58998
    },
    {
      "icon_id": "5128954",
      "name": "天气-浮尘",
      "font_class": "tianqi-fuchen",
      "unicode": "e67a",
      "unicode_decimal": 59002
    },
    {
      "icon_id": "5128959",
      "name": "天气-沙尘暴",
      "font_class": "tianqi-shachenbao",
      "unicode": "e67b",
      "unicode_decimal": 59003
    },
    {
      "icon_id": "5128963",
      "name": "天气-小雪转中雪",
      "font_class": "tianqi-xiaoxuezhuanzhongxue",
      "unicode": "e67d",
      "unicode_decimal": 59005
    },
    {
      "icon_id": "5128964",
      "name": "天气-雾霾",
      "font_class": "tianqi-wumai",
      "unicode": "e67e",
      "unicode_decimal": 59006
    },
    {
      "icon_id": "5128968",
      "name": "天气-小雪",
      "font_class": "tianqi-xiaoxue",
      "unicode": "e681",
      "unicode_decimal": 59009
    },
    {
      "icon_id": "5128969",
      "name": "天气-扬沙",
      "font_class": "tianqi-yangsha",
      "unicode": "e680",
      "unicode_decimal": 59008
    },
    {
      "icon_id": "5128971",
      "name": "天气-阵雪",
      "font_class": "tianqi-zhenxue",
      "unicode": "e683",
      "unicode_decimal": 59011
    },
    {
      "icon_id": "5128973",
      "name": "天气-中雪",
      "font_class": "tianqi-zhongxue",
      "unicode": "e684",
      "unicode_decimal": 59012
    },
    {
      "icon_id": "5128974",
      "name": "天气-中雪转大雪",
      "font_class": "tianqi-zhongxuezhuandaxue",
      "unicode": "e686",
      "unicode_decimal": 59014
    },
    {
      "icon_id": "31140",
      "name": "雷电-天气",
      "font_class": "leidian",
      "unicode": "e61e",
      "unicode_decimal": 58910
    },
    {
      "icon_id": "31141",
      "name": "晴-天气",
      "font_class": "qing",
      "unicode": "e61f",
      "unicode_decimal": 58911
    },
    {
      "icon_id": "31144",
      "name": "小雨-天气",
      "font_class": "xiaoyu",
      "unicode": "e622",
      "unicode_decimal": 58914
    },
    {
      "icon_id": "31146",
      "name": "阴天-天气",
      "font_class": "yintian",
      "unicode": "e624",
      "unicode_decimal": 58916
    },
    {
      "icon_id": "666890",
      "name": "天气",
      "font_class": "tianqi",
      "unicode": "e694",
      "unicode_decimal": 59028
    },
    {
      "icon_id": "3287609",
      "name": "地点",
      "font_class": "icon-",
      "unicode": "e6e5",
      "unicode_decimal": 59109
    },
    {
      "icon_id": "5128976",
      "name": "天气-中雨",
      "font_class": "tianqi-zhongyu",
      "unicode": "e685",
      "unicode_decimal": 59013
    },
    {
      "icon_id": "9097121",
      "name": "天气",
      "font_class": "ziyuan",
      "unicode": "e643",
      "unicode_decimal": 58947
    },
    {
      "icon_id": "9097126",
      "name": "天气",
      "font_class": "ziyuan1",
      "unicode": "e644",
      "unicode_decimal": 58948
    }
  ]
}
